person,1645,119,68,159,0.jpg,1920,1080
person,710,221,153,220,0.jpg,1920,1080
person,1157,4,41,64,0.jpg,1920,1080
person,1455,36,62,149,0.jpg,1920,1080
person,1577,920,140,166,0.jpg,1920,1080
person,1346,14,64,128,0.jpg,1920,1080
person,251,792,110,281,0.jpg,1920,1080
person,278,239,97,230,0.jpg,1920,1080
person,1616,613,110,248,0.jpg,1920,1080
person,873,75,84,163,0.jpg,1920,1080
person,983,9,61,115,0.jpg,1920,1080
person,1810,193,71,268,0.jpg,1920,1080
person,860,392,107,230,0.jpg,1920,1080
person,863,177,128,184,45.jpg,1920,1080
person,1657,85,64,147,45.jpg,1920,1080
person,1483,0,91,131,45.jpg,1920,1080
person,444,194,67,162,45.jpg,1920,1080
person,23,387,79,209,45.jpg,1920,1080
person,674,522,120,248,45.jpg,1920,1080
person,825,788,146,260,45.jpg,1920,1080
person,986,45,64,148,45.jpg,1920,1080
person,1039,6,120,100,45.jpg,1920,1080
person,1642,729,140,294,45.jpg,1920,1080
person,991,630,106,213,90.jpg,1920,1080
person,482,684,156,293,90.jpg,1920,1080
person,993,131,115,153,90.jpg,1920,1080
person,587,137,64,169,90.jpg,1920,1080
person,1001,11,120,105,90.jpg,1920,1080
person,1555,0,92,103,90.jpg,1920,1080
person,1721,453,117,253,90.jpg,1920,1080
person,1591,946,97,134,90.jpg,1920,1080
person,1085,70,104,153,135.jpg,1920,1080
person,1129,508,82,210,135.jpg,1920,1080
person,163,908,161,170,135.jpg,1920,1080
person,26,502,143,243,135.jpg,1920,1080
person,702,88,74,156,135.jpg,1920,1080
person,917,52,64,140,135.jpg,1920,1080
person,1683,4,77,148,135.jpg,1920,1080
person,1100,0,102,68,135.jpg,1920,1080
person,1652,601,133,276,135.jpg,1920,1080
person,1174,0,98,188,180.jpg,1920,1080
person,804,40,73,185,180.jpg,1920,1080
person,264,417,104,200,180.jpg,1920,1080
person,1220,405,92,179,180.jpg,1920,1080
person,1652,793,105,278,180.jpg,1920,1080
person,409,332,89,189,225.jpg,1920,1080
person,1250,6,103,136,225.jpg,1920,1080
person,1458,795,153,285,225.jpg,1920,1080
person,125,346,97,194,225.jpg,1920,1080
person,1310,313,69,174,225.jpg,1920,1080
person,1402,1,61,115,225.jpg,1920,1080
person,904,17,74,133,225.jpg,1920,1080
person,669,147,77,128,225.jpg,1920,1080
person,1107,795,128,277,270.jpg,1920,1080
person,488,193,93,233,270.jpg,1920,1080
person,1350,255,81,159,270.jpg,1920,1080
person,324,282,97,171,270.jpg,1920,1080
person,20,504,207,370,270.jpg,1920,1080
person,1315,0,107,144,270.jpg,1920,1080
person,1823,180,66,138,270.jpg,1920,1080
person,1619,640,82,255,270.jpg,1920,1080
person,1755,233,91,187,315.jpg,1920,1080
person,294,406,95,187,315.jpg,1920,1080
person,1256,26,67,143,315.jpg,1920,1080
person,1412,199,82,148,315.jpg,1920,1080
person,0,744,197,332,315.jpg,1920,1080
person,1334,576,107,255,315.jpg,1920,1080
person,363,558,66,217,315.jpg,1920,1080
person,319,259,66,146,315.jpg,1920,1080
person,506,183,146,212,315.jpg,1920,1080
person,1726,535,84,250,315.jpg,1920,1080
person,1476,841,117,235,315.jpg,1920,1080
person,407,305,82,174,360.jpg,1920,1080
person,1179,86,61,108,360.jpg,1920,1080
person,1707,302,76,185,360.jpg,1920,1080
person,1632,674,118,273,360.jpg,1920,1080
person,243,599,222,296,360.jpg,1920,1080
person,94,333,97,174,360.jpg,1920,1080
person,605,463,102,204,360.jpg,1920,1080
person,638,129,146,143,360.jpg,1920,1080
person,1054,6,59,123,360.jpg,1920,1080
person,1504,142,69,138,360.jpg,1920,1080
person,1808,440,51,225,360.jpg,1920,1080
person,1453,430,123,250,360.jpg,1920,1080
person,1397,862,128,214,360.jpg,1920,1080
person,966,36,45,105,405.jpg,1920,1080
person,815,390,65,189,405.jpg,1920,1080
person,1079,117,64,143,405.jpg,1920,1080
person,1546,120,52,118,405.jpg,1920,1080
person,766,67,135,187,405.jpg,1920,1080
person,0,423,169,368,405.jpg,1920,1080
person,452,481,227,250,405.jpg,1920,1080
person,513,223,87,176,405.jpg,1920,1080
person,1583,300,230,643,405.jpg,1920,1080
person,1723,237,80,188,450.jpg,1920,1080
person,1572,82,51,111,450.jpg,1920,1080
person,636,374,207,248,450.jpg,1920,1080
person,1527,487,123,293,450.jpg,1920,1080
person,962,316,71,183,450.jpg,1920,1080
person,8,349,421,308,450.jpg,1920,1080
person,873,52,161,240,450.jpg,1920,1080
person,1726,430,130,317,450.jpg,1920,1080
person,674,180,79,110,450.jpg,1920,1080
person,1029,14,64,105,450.jpg,1920,1080
person,1366,9,82,120,450.jpg,1920,1080
person,535,321,92,199,495.jpg,1920,1080
person,1600,22,62,121,495.jpg,1920,1080
person,1743,394,85,189,495.jpg,1920,1080
person,1427,38,49,104,495.jpg,1920,1080
person,122,299,307,221,495.jpg,1920,1080
person,826,320,173,210,495.jpg,1920,1080
person,1463,608,120,324,495.jpg,1920,1080
person,774,83,102,191,495.jpg,1920,1080
person,932,11,153,140,495.jpg,1920,1080
person,899,190,74,133,495.jpg,1920,1080
person,1116,131,84,289,495.jpg,1920,1080
person,1757,288,74,175,540.jpg,1920,1080
person,1328,146,59,133,540.jpg,1920,1080
person,1626,6,130,153,540.jpg,1920,1080
person,273,229,266,202,540.jpg,1920,1080
person,705,231,421,209,540.jpg,1920,1080
person,870,73,118,145,540.jpg,1920,1080
person,1215,220,58,155,540.jpg,1920,1080
person,651,111,97,138,540.jpg,1920,1080
person,1014,14,151,110,540.jpg,1920,1080
person,1486,45,69,135,540.jpg,1920,1080
person,1249,1,46,74,540.jpg,1920,1080
person,1453,752,138,324,540.jpg,1920,1080
person,841,180,80,163,585.jpg,1920,1080
person,1044,172,141,203,585.jpg,1920,1080
person,1316,164,58,146,585.jpg,1920,1080
person,434,152,276,327,585.jpg,1920,1080
person,932,48,83,119,585.jpg,1920,1080
person,740,108,54,133,585.jpg,1920,1080
person,1514,42,163,255,585.jpg,1920,1080
person,1746,195,115,179,585.jpg,1920,1080
person,1049,50,82,123,585.jpg,1920,1080
person,1159,17,66,89,585.jpg,1920,1080
person,1367,124,61,138,630.jpg,1920,1080
person,1139,130,145,185,630.jpg,1920,1080
person,562,144,181,184,630.jpg,1920,1080
person,950,126,72,136,630.jpg,1920,1080
person,821,76,49,128,630.jpg,1920,1080
person,454,199,49,153,630.jpg,1920,1080
person,1519,101,291,235,630.jpg,1920,1080
person,1077,9,151,124,630.jpg,1920,1080
person,411,354,117,191,630.jpg,1920,1080
person,664,111,168,169,675.jpg,1920,1080
person,1447,80,95,209,675.jpg,1920,1080
person,462,200,60,150,675.jpg,1920,1080
person,1235,103,138,146,675.jpg,1920,1080
person,836,748,115,307,675.jpg,1920,1080
person,1639,88,72,192,675.jpg,1920,1080
person,332,230,70,183,675.jpg,1920,1080
person,181,428,153,207,675.jpg,1920,1080
person,970,50,151,158,675.jpg,1920,1080
person,1274,6,56,97,675.jpg,1920,1080
person,1838,183,41,169,675.jpg,1920,1080
person,1111,8,71,151,720.jpg,1920,1080
person,1557,52,158,135,720.jpg,1920,1080
person,789,96,153,171,720.jpg,1920,1080
person,521,197,58,130,720.jpg,1920,1080
person,1671,196,58,141,720.jpg,1920,1080
person,1288,47,126,156,720.jpg,1920,1080
person,166,313,100,186,720.jpg,1920,1080
person,342,269,110,158,720.jpg,1920,1080
person,1049,563,115,286,720.jpg,1920,1080
person,1384,203,87,184,720.jpg,1920,1080
person,1823,188,66,189,720.jpg,1920,1080
person,883,73,158,151,765.jpg,1920,1080
person,1672,243,179,241,765.jpg,1920,1080
person,1311,275,69,221,765.jpg,1920,1080
person,1598,0,123,167,765.jpg,1920,1080
person,1363,19,118,143,765.jpg,1920,1080
person,8,384,97,181,765.jpg,1920,1080
person,194,354,115,181,765.jpg,1920,1080
person,355,259,100,161,765.jpg,1920,1080
person,674,129,105,128,765.jpg,1920,1080
person,1011,1,92,110,765.jpg,1920,1080
person,1197,6,64,107,765.jpg,1920,1080
person,1241,430,128,220,765.jpg,1920,1080
person,513,170,95,148,810.jpg,1920,1080
person,1,457,99,191,810.jpg,1920,1080
person,1399,0,92,129,810.jpg,1920,1080
person,927,19,163,186,810.jpg,1920,1080
person,161,354,110,179,810.jpg,1920,1080
person,1106,47,0,3,810.jpg,1920,1080
person,1210,374,112,222,810.jpg,1920,1080
person,1435,328,100,209,810.jpg,1920,1080
person,1693,280,125,304,810.jpg,1920,1080
person,1011,14,120,158,855.jpg,1920,1080
person,1737,346,60,187,855.jpg,1920,1080
person,820,47,76,144,855.jpg,1920,1080
person,1152,491,92,215,855.jpg,1920,1080
person,345,229,123,171,855.jpg,1920,1080
person,1499,430,153,207,855.jpg,1920,1080
person,1598,244,82,197,855.jpg,1920,1080
person,1713,409,98,198,900.jpg,1920,1080
person,1051,0,136,138,900.jpg,1920,1080
person,1668,182,76,173,900.jpg,1920,1080
person,1119,471,235,430,900.jpg,1920,1080
person,148,305,156,174,900.jpg,1920,1080
person,8,668,110,250,900.jpg,1920,1080
person,682,96,133,161,900.jpg,1920,1080
person,84,571,103,218,945.jpg,1920,1080
person,551,144,94,179,945.jpg,1920,1080
person,8,369,87,171,945.jpg,1920,1080
person,769,509,240,248,945.jpg,1920,1080
person,1067,857,146,223,945.jpg,1920,1080
person,1665,494,189,388,945.jpg,1920,1080
person,1746,142,84,186,945.jpg,1920,1080
person,1016,4,237,115,945.jpg,1920,1080
person,375,226,94,175,990.jpg,1920,1080
person,960,12,52,113,990.jpg,1920,1080
person,1617,507,208,304,990.jpg,1920,1080
person,1729,147,100,161,990.jpg,1920,1080
person,174,326,161,378,990.jpg,1920,1080
person,360,522,243,258,990.jpg,1920,1080
person,1159,0,133,86,990.jpg,1920,1080
person,427,247,90,172,1035.jpg,1920,1080
person,9,560,73,225,1035.jpg,1920,1080
person,289,417,96,185,1035.jpg,1920,1080
person,140,300,130,194,1035.jpg,1920,1080
person,904,22,69,151,1035.jpg,1920,1080
person,1751,142,61,163,1035.jpg,1920,1080
person,1649,425,120,240,1035.jpg,1920,1080
person,340,343,94,184,1080.jpg,1920,1080
person,1709,350,167,310,1080.jpg,1920,1080
person,1348,887,272,204,1080.jpg,1920,1080
person,0,410,161,204,1080.jpg,1920,1080
person,638,170,64,140,1080.jpg,1920,1080
person,825,65,56,130,1080.jpg,1920,1080
person,1003,0,161,86,1080.jpg,1920,1080
person,1751,126,146,227,1080.jpg,1920,1080
person,221,318,259,214,1125.jpg,1920,1080
person,731,81,116,202,1125.jpg,1920,1080
person,1407,736,263,344,1125.jpg,1920,1080
person,1730,189,157,320,1125.jpg,1920,1080
person,0,606,105,253,1125.jpg,1920,1080
person,947,4,133,133,1125.jpg,1920,1080
person,1780,527,71,253,1125.jpg,1920,1080
person,1654,247,209,196,1170.jpg,1920,1080
person,852,29,167,181,1170.jpg,1920,1080
person,0,474,277,238,1170.jpg,1920,1080
person,1680,40,45,145,1170.jpg,1920,1080
person,360,257,102,255,1170.jpg,1920,1080
person,610,116,61,169,1170.jpg,1920,1080
person,1473,591,268,375,1170.jpg,1920,1080
person,1757,139,43,181,1170.jpg,1920,1080
person,1570,318,237,179,1215.jpg,1920,1080
person,1657,68,51,163,1215.jpg,1920,1080
person,1022,18,57,125,1215.jpg,1920,1080
person,485,131,97,266,1215.jpg,1920,1080
person,1580,497,232,314,1215.jpg,1920,1080
person,43,341,409,273,1215.jpg,1920,1080
person,761,101,54,117,1215.jpg,1920,1080
person,873,68,54,125,1215.jpg,1920,1080
person,1389,742,151,314,1215.jpg,1920,1080
person,1751,126,148,189,1215.jpg,1920,1080
person,1536,392,323,332,1260.jpg,1920,1080
person,207,208,409,329,1260.jpg,1920,1080
person,1626,121,84,148,1260.jpg,1920,1080
person,638,148,77,133,1260.jpg,1920,1080
person,1036,794,118,275,1260.jpg,1920,1080
person,3,445,91,211,1260.jpg,1920,1080
person,0,882,123,198,1260.jpg,1920,1080
person,751,96,61,146,1260.jpg,1920,1080
person,1095,6,59,100,1260.jpg,1920,1080
person,1777,147,110,199,1260.jpg,1920,1080
person,189,225,166,305,1305.jpg,1920,1080
person,1517,443,110,294,1305.jpg,1920,1080

person,1665,165,214,472,1305.jpg,1920,1080
person,0,456,66,199,1305.jpg,1920,1080
person,380,139,437,357,1305.jpg,1920,1080
person,597,839,117,241,1305.jpg,1920,1080
person,1578,229,268,301,1350.jpg,1920,1080
person,1471,540,130,368,1350.jpg,1920,1080
person,135,920,156,160,1350.jpg,1920,1080
person,633,453,105,235,1350.jpg,1920,1080
person,31,320,227,250,1350.jpg,1920,1080
person,327,193,301,243,1350.jpg,1920,1080
person,735,203,120,191,1350.jpg,1920,1080
person,855,96,69,148,1350.jpg,1920,1080
person,1129,0,179,101,1350.jpg,1920,1080
person,1782,116,54,189,1350.jpg,1920,1080
person,130,267,276,202,1395.jpg,1920,1080
person,523,142,232,258,1395.jpg,1920,1080
person,840,167,120,169,1395.jpg,1920,1080
person,929,68,82,138,1395.jpg,1920,1080
person,1016,0,69,121,1395.jpg,1920,1080
person,1195,14,56,110,1395.jpg,1920,1080
person,1088,0,59,68,1395.jpg,1920,1080
person,832,318,82,207,1395.jpg,1920,1080
person,1657,0,66,103,1395.jpg,1920,1080
person,1532,272,194,365,1395.jpg,1920,1080
person,1772,134,117,340,1395.jpg,1920,1080
person,1399,629,299,451,1395.jpg,1920,1080
person,1162,688,3,0,1395.jpg,1920,1080

person,438,230,84,164,1440.jpg,1920,1080
person,827,839,148,241,1440.jpg,1920,1080
person,1606,14,61,112,1440.jpg,1920,1080
person,1435,114,447,876,1440.jpg,1920,1080
person,92,336,89,186,1440.jpg,1920,1080
person,603,193,71,140,1440.jpg,1920,1080
person,679,0,554,274,1440.jpg,1920,1080
person,1131,162,83,152,1485.jpg,1920,1080
person,1347,349,499,610,1485.jpg,1920,1080
person,1675,149,245,209,1485.jpg,1920,1080
person,1504,916,126,170,1485.jpg,1920,1080
person,1565,55,50,123,1485.jpg,1920,1080
person,758,657,148,278,1485.jpg,1920,1080
person,511,175,84,153,1485.jpg,1920,1080
person,717,160,54,117,1485.jpg,1920,1080
person,761,1,439,232,1485.jpg,1920,1080
person,592,116,113,150,1530.jpg,1920,1080
person,1630,130,265,223,1530.jpg,1920,1080
person,817,0,393,269,1530.jpg,1920,1080
person,1205,788,338,292,1530.jpg,1920,1080
person,1501,89,49,151,1530.jpg,1920,1080

person,0,479,156,449,1530.jpg,1920,1080
person,756,507,110,237,1530.jpg,1920,1080
person,1626,382,217,480,1530.jpg,1920,1080
person,949,182,85,149,1575.jpg,1920,1080
person,717,86,90,155,1575.jpg,1920,1080
person,747,411,83,197,1575.jpg,1920,1080
person,1602,566,87,212,1575.jpg,1920,1080
person,1706,740,88,171,1575.jpg,1920,1080
person,927,1,347,158,1575.jpg,1920,1080
person,480,175,98,170,1575.jpg,1920,1080
person,163,323,263,457,1575.jpg,1920,1080
person,873,98,64,143,1575.jpg,1920,1080
person,1330,27,54,135,1575.jpg,1920,1080
person,1425,98,337,197,1575.jpg,1920,1080
person,1792,231,87,260,1575.jpg,1920,1080
person,1333,183,68,169,1620.jpg,1920,1080
person,797,55,89,140,1620.jpg,1920,1080
person,1685,292,94,172,1620.jpg,1920,1080
person,1463,65,199,174,1620.jpg,1920,1080
person,957,0,350,195,1620.jpg,1920,1080
person,1620,740,116,276,1620.jpg,1920,1080
person,278,239,370,396,1620.jpg,1920,1080
person,615,139,71,146,1620.jpg,1920,1080
person,822,221,94,286,1620.jpg,1920,1080
person,1394,4,59,115,1620.jpg,1920,1080
person,1234,241,85,196,1665.jpg,1920,1080
person,451,165,166,210,1665.jpg,1920,1080
person,1612,358,88,195,1665.jpg,1920,1080
person,911,246,72,165,1665.jpg,1920,1080
person,92,336,89,197,1665.jpg,1920,1080
person,1412,0,171,229,1665.jpg,1920,1080
person,710,131,69,117,1665.jpg,1920,1080
person,694,280,140,243,1665.jpg,1920,1080
person,878,0,480,165,1665.jpg,1920,1080
person,1803,160,71,174,1665.jpg,1920,1080
person,1554,467,80,202,1710.jpg,1920,1080
person,1374,0,184,165,1710.jpg,1920,1080
person,1106,300,88,213,1710.jpg,1920,1080
person,533,377,81,181,1710.jpg,1920,1080
person,1060,19,69,110,1710.jpg,1920,1080
person,241,269,106,189,1710.jpg,1920,1080
person,554,167,71,158,1710.jpg,1920,1080
person,697,114,61,140,1710.jpg,1920,1080
person,848,175,204,245,1710.jpg,1920,1080
person,837,34,133,146,1710.jpg,1920,1080
person,1637,0,54,116,1710.jpg,1920,1080
person,1813,223,71,199,1710.jpg,1920,1080
person,947,114,156,214,1755.jpg,1920,1080
person,1577,26,80,116,1755.jpg,1920,1080
person,1503,571,84,215,1755.jpg,1920,1080
person,723,57,178,173,1755.jpg,1920,1080
person,8,382,447,306,1755.jpg,1920,1080
person,1358,9,153,118,1755.jpg,1920,1080

person,1793,297,82,191,1755.jpg,1920,1080
person,368,244,115,163,1755.jpg,1920,1080
person,1021,0,184,114,1755.jpg,1920,1080
person,437,323,109,231,1800.jpg,1920,1080
person,996,68,130,204,1800.jpg,1920,1080
person,1552,53,47,140,1800.jpg,1920,1080
person,1399,690,119,280,1800.jpg,1920,1080
person,181,315,189,176,1800.jpg,1920,1080
person,1736,388,98,202,1800.jpg,1920,1080
person,551,741,195,339,1800.jpg,1920,1080
person,0,435,255,370,1800.jpg,1920,1080
person,740,494,120,258,1800.jpg,1920,1080
person,631,91,151,176,1800.jpg,1920,1080
person,899,40,74,151,1800.jpg,1920,1080
person,1371,0,115,98,1800.jpg,1920,1080
person,740,611,214,296,1845.jpg,1920,1080
person,1710,504,97,231,1845.jpg,1920,1080
person,1609,0,69,116,1845.jpg,1920,1080
person,1486,78,59,171,1845.jpg,1920,1080
person,191,343,172,295,1845.jpg,1920,1080
person,483,617,130,271,1845.jpg,1920,1080
person,460,147,276,352,1845.jpg,1920,1080
person,950,0,299,211,1845.jpg,1920,1080
person,1271,862,133,218,1845.jpg,1920,1080
person,1568,14,65,186,1890.jpg,1920,1080
person,1001,0,117,142,1890.jpg,1920,1080
person,1180,0,109,150,1890.jpg,1920,1080
person,132,759,161,281,1890.jpg,1920,1080
person,327,190,322,342,1890.jpg,1920,1080
person,738,188,140,214,1890.jpg,1920,1080
person,1404,126,66,161,1890.jpg,1920,1080
person,881,466,255,327,1890.jpg,1920,1080
person,1723,632,97,263,1890.jpg,1920,1080
person,853,124,99,198,1935.jpg,1920,1080
person,1352,184,75,156,1935.jpg,1920,1080
person,1003,371,210,271,1935.jpg,1920,1080
person,1504,42,71,153,1935.jpg,1920,1080
person,194,251,220,273,1935.jpg,1920,1080
person,523,203,89,197,1935.jpg,1920,1080
person,661,267,97,184,1935.jpg,1920,1080
person,694,134,64,169,1935.jpg,1920,1080
person,1085,0,253,144,1935.jpg,1920,1080
person,1066,280,68,201,1980.jpg,1920,1080
person,1327,252,64,181,1980.jpg,1920,1080
person,1760,258,88,150,1980.jpg,1920,1080
person,1204,303,78,194,1980.jpg,1920,1080
person,1447,91,73,139,1980.jpg,1920,1080
person,962,104,62,159,1980.jpg,1920,1080
person,36,663,163,232,1980.jpg,1920,1080
person,0,310,266,332,1980.jpg,1920,1080
person,643,147,71,161,1980.jpg,1920,1080
person,799,195,79,174,1980.jpg,1920,1080
person,786,101,56,130,1980.jpg,1920,1080
person,1014,0,383,63,1980.jpg,1920,1080
person,1047,55,69,153,2025.jpg,1920,1080
person,1699,206,82,138,2025.jpg,1920,1080
person,1381,144,100,180,2025.jpg,1920,1080
person,1139,216,241,285,2025.jpg,1920,1080
person,380,553,105,235,2025.jpg,1920,1080
person,340,351,105,227,2025.jpg,1920,1080
person,3,366,102,184,2025.jpg,1920,1080
person,720,109,89,146,2025.jpg,1920,1080
person,858,65,79,135,2025.jpg,1920,1080
person,919,139,87,166,2025.jpg,1920,1080
person,1555,1,50,143,2070.jpg,1920,1080
person,1098,6,115,140,2070.jpg,1920,1080
person,1253,168,141,234,2070.jpg,1920,1080
person,620,303,94,186,2070.jpg,1920,1080
person,659,456,100,214,2070.jpg,1920,1080
person,1246,394,92,214,2070.jpg,1920,1080
person,786,60,77,148,2070.jpg,1920,1080
person,934,37,61,123,2070.jpg,1920,1080
person,1044,101,74,151,2070.jpg,1920,1080
person,1642,152,61,133,2070.jpg,1920,1080
person,1797,185,61,166,2070.jpg,1920,1080
person,1224,278,89,196,2115.jpg,1920,1080
person,1317,114,103,169,2115.jpg,1920,1080
person,996,4,250,194,2115.jpg,1920,1080
person,1601,109,197,180,2115.jpg,1920,1080
person,845,239,112,345,2115.jpg,1920,1080
person,1129,517,123,232,2115.jpg,1920,1080
person,1376,37,69,140,2115.jpg,1920,1080
person,909,67,53,129,2160.jpg,1920,1080
person,1039,183,208,428,2160.jpg,1920,1080
person,183,519,119,236,2160.jpg,1920,1080
person,980,650,100,276,2160.jpg,1920,1080
person,1054,0,225,177,2160.jpg,1920,1080
person,1384,63,365,171,2160.jpg,1920,1080
person,1808,213,64,171,2160.jpg,1920,1080
person,1752,284,70,165,2205.jpg,1920,1080
person,442,394,88,212,2205.jpg,1920,1080
person,1432,19,112,179,2205.jpg,1920,1080
person,971,480,133,260,2205.jpg,1920,1080
person,769,836,174,244,2205.jpg,1920,1080
person,784,103,82,138,2205.jpg,1920,1080
person,980,86,66,163,2205.jpg,1920,1080
person,1180,139,107,281,2205.jpg,1920,1080
person,1121,4,301,110,2205.jpg,1920,1080
person,1580,63,151,186,2205.jpg,1920,1080
person,1448,920,153,160,2205.jpg,1920,1080
person,803,635,173,295,2250.jpg,1920,1080
person,1310,121,99,258,2250.jpg,1920,1080
person,809,118,66,160,2250.jpg,1920,1080
person,1521,772,162,301,2250.jpg,1920,1080
person,1695,177,77,143,2250.jpg,1920,1080
person,1698,351,161,209,2250.jpg,1920,1080
person,13,458,102,225,2250.jpg,1920,1080
person,659,297,92,191,2250.jpg,1920,1080
person,646,131,79,158,2250.jpg,1920,1080
person,1473,0,260,170,2250.jpg,1920,1080
person,1645,417,165,222,2295.jpg,1920,1080
person,1703,229,75,163,2295.jpg,1920,1080
person,832,222,75,188,2295.jpg,1920,1080
person,1373,63,72,143,2295.jpg,1920,1080
person,470,198,105,176,2295.jpg,1920,1080
person,565,815,180,254,2295.jpg,1920,1080
person,630,169,60,141,2295.jpg,1920,1080
person,239,356,98,205,2295.jpg,1920,1080
person,1644,624,143,284,2295.jpg,1920,1080
person,97,701,171,317,2295.jpg,1920,1080
person,1213,0,110,111,2295.jpg,1920,1080
person,1489,149,74,166,2295.jpg,1920,1080
person,1496,0,258,134,2295.jpg,1920,1080
person,1169,24,100,128,2340.jpg,1920,1080

person,1564,520,289,229,2340.jpg,1920,1080
person,1404,32,67,133,2340.jpg,1920,1080
person,329,218,207,260,2340.jpg,1920,1080
person,991,171,83,146,2340.jpg,1920,1080
person,1430,157,10,8,2340.jpg,1920,1080
person,1683,305,94,186,2340.jpg,1920,1080
person,1588,114,43,133,2340.jpg,1920,1080
person,1547,0,258,121,2340.jpg,1920,1080
person,553,233,62,156,2385.jpg,1920,1080
person,1490,0,310,221,2385.jpg,1920,1080
person,146,274,222,237,2385.jpg,1920,1080
person,503,448,102,273,2385.jpg,1920,1080
person,1450,663,296,417,2385.jpg,1920,1080
person,1626,377,94,214,2385.jpg,1920,1080
person,1106,52,128,227,2385.jpg,1920,1080
person,974,903,145,172,2430.jpg,1920,1080
person,1598,617,138,452,2430.jpg,1920,1080
person,0,338,156,289,2430.jpg,1920,1080
person,620,354,115,248,2430.jpg,1920,1080
person,692,154,59,133,2430.jpg,1920,1080
person,784,37,64,151,2430.jpg,1920,1080
person,1026,65,253,176,2430.jpg,1920,1080
person,1489,1,194,230,2430.jpg,1920,1080
person,1340,836,153,244,2430.jpg,1920,1080
person,1509,476,130,248,2430.jpg,1920,1080
person,1457,47,159,243,2475.jpg,1920,1080
person,934,137,166,135,2475.jpg,1920,1080
person,751,75,135,179,2475.jpg,1920,1080
person,1718,474,117,250,2475.jpg,1920,1080
person,1026,805,100,260,2475.jpg,1920,1080
person,1268,0,98,141,2475.jpg,1920,1080
person,756,285,97,225,2475.jpg,1920,1080
person,1394,594,112,237,2475.jpg,1920,1080
person,1414,96,130,248,2520.jpg,1920,1080
person,873,183,138,237,2520.jpg,1920,1080
person,626,121,82,156,2520.jpg,1920,1080
person,952,65,71,133,2520.jpg,1920,1080
person,1223,0,148,160,2520.jpg,1920,1080
person,1785,193,107,212,2520.jpg,1920,1080
person,1070,691,212,314,2520.jpg,1920,1080
person,1506,777,133,303,2565.jpg,1920,1080
person,1036,190,65,166,2565.jpg,1920,1080
person,1024,29,82,130,2565.jpg,1920,1080
person,454,183,89,169,2565.jpg,1920,1080
person,758,223,161,191,2565.jpg,1920,1080
person,1136,45,66,140,2565.jpg,1920,1080
person,1315,142,135,286,2565.jpg,1920,1080
person,1088,627,112,250,2565.jpg,1920,1080
person,873,908,133,172,2565.jpg,1920,1080
person,1739,259,89,169,2565.jpg,1920,1080
person,1690,328,104,182,2610.jpg,1920,1080
person,619,293,172,198,2610.jpg,1920,1080
person,1134,126,62,178,2610.jpg,1920,1080
person,1502,581,125,290,2610.jpg,1920,1080
person,283,246,97,171,2610.jpg,1920,1080
person,1047,83,84,166,2610.jpg,1920,1080
person,1100,0,64,96,2610.jpg,1920,1080
person,1218,310,135,225,2610.jpg,1920,1080
person,1300,200,64,151,2610.jpg,1920,1080
person,1159,563,110,235,2610.jpg,1920,1080
person,1790,152,94,184,2610.jpg,1920,1080
person,1117,412,208,261,2655.jpg,1920,1080
person,119,345,199,274,2655.jpg,1920,1080
person,922,141,96,169,2655.jpg,1920,1080
person,483,356,174,220,2655.jpg,1920,1080
person,1203,86,69,156,2655.jpg,1920,1080
person,1185,267,77,151,2655.jpg,1920,1080
person,1670,206,194,421,2655.jpg,1920,1080
person,1463,433,120,286,2655.jpg,1920,1080
person,824,193,61,155,2700.jpg,1920,1080
person,1049,345,88,200,2700.jpg,1920,1080
person,947,528,183,210,2700.jpg,1920,1080
person,1288,474,86,175,2700.jpg,1920,1080
person,326,336,135,318,2700.jpg,1920,1080
person,1292,40,64,184,2700.jpg,1920,1080
person,1532,280,306,444,2700.jpg,1920,1080
person,924,451,97,215,2745.jpg,1920,1080
person,97,557,217,277,2745.jpg,1920,1080
person,776,680,207,289,2745.jpg,1920,1080
person,1446,509,377,391,2745.jpg,1920,1080
person,1320,412,88,212,2745.jpg,1920,1080
person,429,254,133,166,2745.jpg,1920,1080
person,671,251,84,227,2745.jpg,1920,1080
person,1340,24,66,130,2745.jpg,1920,1080
person,1619,282,112,258,2745.jpg,1920,1080
person,1706,221,93,198,2790.jpg,1920,1080
person,1350,402,84,192,2790.jpg,1920,1080
person,1370,15,45,108,2790.jpg,1920,1080
person,1447,667,353,413,2790.jpg,1920,1080
person,582,882,213,203,2790.jpg,1920,1080
person,477,342,112,203,2790.jpg,1920,1080
person,1498,448,74,198,2790.jpg,1920,1080
person,572,149,125,189,2790.jpg,1920,1080
person,746,591,120,237,2790.jpg,1920,1080
person,1253,874,460,196,2835.jpg,1920,1080
person,243,446,129,218,2835.jpg,1920,1080
person,1393,349,100,192,2835.jpg,1920,1080
person,495,762,151,294,2835.jpg,1920,1080
person,705,121,128,166,2835.jpg,1920,1080
person,1218,484,112,220,2835.jpg,1920,1080
person,1721,144,82,199,2835.jpg,1920,1080
person,1203,0,286,86,2835.jpg,1920,1080
person,1240,11,70,116,2880.jpg,1920,1080
person,1680,116,58,164,2880.jpg,1920,1080
person,0,417,105,212,2880.jpg,1920,1080
person,924,520,115,250,2880.jpg,1920,1080
person,1412,303,71,186,2880.jpg,1920,1080
person,827,78,66,151,2880.jpg,1920,1080
person,1215,40,74,112,2925.jpg,1920,1080
person,1419,285,73,164,2925.jpg,1920,1080
person,597,583,121,264,2925.jpg,1920,1080
person,1647,60,56,156,2925.jpg,1920,1080
person,179,333,115,212,2925.jpg,1920,1080
person,932,52,84,133,2925.jpg,1920,1080
person,1414,246,82,165,2970.jpg,1920,1080
person,1159,85,68,133,2970.jpg,1920,1080
person,204,678,121,266,2970.jpg,1920,1080
person,1009,19,87,110,2970.jpg,1920,1080
person,1328,834,142,246,2970.jpg,1920,1080
person,1703,657,100,268,2970.jpg,1920,1080
person,319,282,107,189,2970.jpg,1920,1080
person,1660,34,66,184,2970.jpg,1920,1080
person,1437,219,77,188,3015.jpg,1920,1080
person,1098,114,72,149,3015.jpg,1920,1080
person,459,230,79,172,3015.jpg,1920,1080
person,980,0,276,121,3015.jpg,1920,1080
person,1688,14,82,128,3015.jpg,1920,1080
person,1726,509,84,271,3015.jpg,1920,1080
person,1448,640,123,281,3015.jpg,1920,1080
person,1032,160,84,163,3060.jpg,1920,1080
person,1460,204,81,180,3060.jpg,1920,1080
person,1090,0,204,139,3060.jpg,1920,1080
person,1481,517,128,276,3060.jpg,1920,1080
person,1780,412,92,240,3060.jpg,1920,1080
person,889,29,94,138,3060.jpg,1920,1080
person,587,170,79,181,3060.jpg,1920,1080
person,1831,144,77,161,3060.jpg,1920,1080
person,1016,0,266,168,3105.jpg,1920,1080
person,702,81,102,219,3105.jpg,1920,1080
person,973,218,82,171,3105.jpg,1920,1080
person,1496,170,77,158,3105.jpg,1920,1080
person,1540,415,97,227,3105.jpg,1920,1080
person,1800,198,77,166,3105.jpg,1920,1080
person,847,282,105,191,3150.jpg,1920,1080
person,1775,236,116,182,3150.jpg,1920,1080
person,806,94,80,157,3150.jpg,1920,1080
person,1560,331,86,203,3150.jpg,1920,1080
person,638,113,60,177,3150.jpg,1920,1080
person,955,0,166,226,3150.jpg,1920,1080
person,1550,154,69,130,3150.jpg,1920,1080
person,1754,272,153,221,3195.jpg,1920,1080
person,1639,254,58,203,3195.jpg,1920,1080
person,536,174,76,189,3195.jpg,1920,1080
person,839,733,164,320,3195.jpg,1920,1080
person,1554,138,78,134,3195.jpg,1920,1080
person,752,355,96,214,3195.jpg,1920,1080
person,837,0,258,271,3195.jpg,1920,1080
person,23,374,112,214,3195.jpg,1920,1080
person,625,458,94,224,3240.jpg,1920,1080
person,414,251,93,192,3240.jpg,1920,1080
person,659,0,439,278,3240.jpg,1920,1080
person,774,835,144,244,3240.jpg,1920,1080
person,1157,499,105,271,3240.jpg,1920,1080
person,1698,361,169,232,3240.jpg,1920,1080
person,1700,198,69,176,3240.jpg,1920,1080
person,1580,111,69,143,3240.jpg,1920,1080
person,1593,1,61,110,3240.jpg,1920,1080
person,225,292,107,209,3240.jpg,1920,1080
person,1614,448,222,246,3285.jpg,1920,1080
person,526,841,273,245,3285.jpg,1920,1080
person,1064,21,90,120,3285.jpg,1920,1080
person,427,591,140,248,3285.jpg,1920,1080
person,975,634,120,281,3285.jpg,1920,1080
person,1302,290,120,214,3285.jpg,1920,1080
person,1555,17,105,209,3285.jpg,1920,1080
person,1749,160,49,146,3285.jpg,1920,1080
person,508,63,403,319,3285.jpg,1920,1080
person,355,251,74,148,3285.jpg,1920,1080
person,225,349,112,207,3285.jpg,1920,1080
person,585,637,223,316,3330.jpg,1920,1080
person,1549,507,286,304,3330.jpg,1920,1080
person,1052,0,152,127,3330.jpg,1920,1080
person,1131,521,89,224,3330.jpg,1920,1080
person,0,458,120,220,3330.jpg,1920,1080
person,258,749,161,301,3330.jpg,1920,1080
person,1478,50,276,296,3330.jpg,1920,1080
person,725,88,112,181,3330.jpg,1920,1080
person,363,129,276,340,3330.jpg,1920,1080
person,1438,60,260,174,3375.jpg,1920,1080
person,467,183,112,181,3375.jpg,1920,1080
person,612,494,190,278,3375.jpg,1920,1080
person,1459,641,371,330,3375.jpg,1920,1080
person,26,257,431,319,3375.jpg,1920,1080
person,1209,3,56,84,3375.jpg,1920,1080
person,738,808,143,271,3375.jpg,1920,1080
person,1251,400,84,235,3375.jpg,1920,1080
person,993,0,61,114,3375.jpg,1920,1080
person,638,126,133,174,3375.jpg,1920,1080
person,523,162,115,212,3420.jpg,1920,1080
person,671,384,152,239,3420.jpg,1920,1080
person,1357,134,72,128,3420.jpg,1920,1080
person,1247,0,47,64,3420.jpg,1920,1080
person,1575,3,157,154,3420.jpg,1920,1080
person,1343,328,78,199,3420.jpg,1920,1080
person,28,320,266,358,3420.jpg,1920,1080
person,355,231,97,184,3420.jpg,1920,1080
person,679,86,82,133,3420.jpg,1920,1080
person,929,32,69,138,3420.jpg,1920,1080
person,973,614,110,258,3420.jpg,1920,1080
person,1363,793,317,287,3420.jpg,1920,1080
person,814,50,71,147,3465.jpg,1920,1080
person,1309,188,162,260,3465.jpg,1920,1080
person,1596,0,97,137,3465.jpg,1920,1080
person,746,303,133,198,3465.jpg,1920,1080
person,0,435,128,263,3465.jpg,1920,1080
person,202,195,357,322,3465.jpg,1920,1080
person,1116,471,115,255,3465.jpg,1920,1080
person,1251,982,250,97,3465.jpg,1920,1080
person,834,231,94,184,3510.jpg,1920,1080
person,1467,24,85,128,3510.jpg,1920,1080
person,1450,190,77,191,3510.jpg,1920,1080
person,23,310,138,301,3510.jpg,1920,1080
person,334,183,174,296,3510.jpg,1920,1080
person,738,111,56,140,3510.jpg,1920,1080
person,922,29,59,115,3510.jpg,1920,1080
person,1826,88,92,189,3510.jpg,1920,1080
person,1795,382,97,230,3510.jpg,1920,1080
person,1238,251,110,319,3510.jpg,1920,1080
person,1205,900,102,174,3510.jpg,1920,1080
person,889,162,111,182,3555.jpg,1920,1080
person,1363,65,55,129,3555.jpg,1920,1080
person,1774,152,130,188,3555.jpg,1920,1080
person,1386,272,75,175,3555.jpg,1920,1080
person,488,149,199,184,3555.jpg,1920,1080
person,1522,142,78,146,3555.jpg,1920,1080
person,7,349,85,190,3555.jpg,1920,1080
person,202,303,176,250,3555.jpg,1920,1080
person,996,0,74,106,3555.jpg,1920,1080
person,1169,320,82,189,3555.jpg,1920,1080
person,1739,469,94,253,3555.jpg,1920,1080
person,1386,696,133,283,3555.jpg,1920,1080
person,1713,223,179,190,3600.jpg,1920,1080
person,580,116,114,186,3600.jpg,1920,1080
person,447,175,117,240,3600.jpg,1920,1080
person,1520,578,295,307,3600.jpg,1920,1080
person,1228,78,56,159,3600.jpg,1920,1080
person,945,116,110,153,3600.jpg,1920,1080
person,36,366,158,283,3600.jpg,1920,1080
person,181,267,112,194,3600.jpg,1920,1080
person,1570,75,66,176,3600.jpg,1920,1080
person,1468,190,66,169,3600.jpg,1920,1080
person,1057,430,115,212,3600.jpg,1920,1080
person,1654,299,207,211,3645.jpg,1920,1080
person,1548,458,99,192,3645.jpg,1920,1080
person,620,88,163,209,3645.jpg,1920,1080
person,1626,37,61,158,3645.jpg,1920,1080
person,304,206,172,276,3645.jpg,1920,1080
person,1006,77,156,205,3645.jpg,1920,1080
person,802,17,54,146,3645.jpg,1920,1080
person,0,494,71,220,3645.jpg,1920,1080
person,924,550,107,243,3645.jpg,1920,1080
person,1557,144,61,146,3645.jpg,1920,1080
person,945,175,74,150,3690.jpg,1920,1080
person,781,27,104,220,3690.jpg,1920,1080
person,1559,358,228,274,3690.jpg,1920,1080
person,1603,17,125,207,3690.jpg,1920,1080
person,1058,6,119,171,3690.jpg,1920,1080
person,758,711,117,258,3690.jpg,1920,1080
person,1427,864,281,216,3690.jpg,1920,1080
person,608,172,87,146,3690.jpg,1920,1080
person,79,387,92,209,3690.jpg,1920,1080
person,1605,277,99,178,3735.jpg,1920,1080
person,1150,15,66,121,3735.jpg,1920,1080
person,549,926,127,155,3735.jpg,1920,1080
person,799,0,273,183,3735.jpg,1920,1080
person,809,234,69,151,3735.jpg,1920,1080
person,735,160,66,102,3735.jpg,1920,1080
person,1815,185,87,179,3735.jpg,1920,1080
person,1649,0,97,175,3735.jpg,1920,1080
person,1514,476,311,536,3735.jpg,1920,1080
person,1662,206,235,207,3780.jpg,1920,1080
person,1404,578,411,456,3780.jpg,1920,1080
person,886,0,253,170,3780.jpg,1920,1080
person,1204,2,63,96,3780.jpg,1920,1080
person,707,65,103,194,3780.jpg,1920,1080
person,621,286,72,158,3780.jpg,1920,1080
person,1649,162,230,317,3825.jpg,1920,1080
person,398,348,72,176,3825.jpg,1920,1080
person,1273,828,148,252,3825.jpg,1920,1080
person,979,16,98,113,3825.jpg,1920,1080
person,882,72,57,132,3825.jpg,1920,1080
person,1546,555,315,490,3825.jpg,1920,1080
person,641,106,158,189,3825.jpg,1920,1080
person,1123,0,199,114,3825.jpg,1920,1080
person,39,742,183,303,3870.jpg,1920,1080
person,1016,0,342,101,3870.jpg,1920,1080
person,1549,305,310,434,3870.jpg,1920,1080
person,135,397,133,222,3870.jpg,1920,1080
person,506,149,87,179,3870.jpg,1920,1080
person,717,91,123,197,3870.jpg,1920,1080
person,1440,341,151,237,3915.jpg,1920,1080
person,1064,2,139,119,3915.jpg,1920,1080
person,1703,346,174,276,3915.jpg,1920,1080
person,504,620,103,278,3915.jpg,1920,1080
person,337,208,100,191,3915.jpg,1920,1080
person,674,152,102,138,3915.jpg,1920,1080
person,984,37,165,122,3960.jpg,1920,1080
person,1364,354,485,291,3960.jpg,1920,1080
person,802,516,110,278,3960.jpg,1920,1080
person,0,683,153,304,3960.jpg,1920,1080
person,3,443,74,240,3960.jpg,1920,1080
person,128,285,112,220,3960.jpg,1920,1080
person,551,193,66,171,3960.jpg,1920,1080
person,720,142,61,133,3960.jpg,1920,1080
person,1337,384,386,343,4005.jpg,1920,1080
person,882,45,131,153,4005.jpg,1920,1080
person,991,458,129,257,4005.jpg,1920,1080
person,1765,300,83,175,4005.jpg,1920,1080
person,268,550,112,291,4005.jpg,1920,1080
person,245,346,107,197,4005.jpg,1920,1080
person,403,257,69,161,4005.jpg,1920,1080
person,720,147,69,123,4005.jpg,1920,1080
person,1294,1,46,120,4005.jpg,1920,1080
person,786,70,93,159,4050.jpg,1920,1080
person,434,261,85,196,4050.jpg,1920,1080
person,1060,0,206,133,4050.jpg,1920,1080
person,1757,229,79,178,4050.jpg,1920,1080
person,506,417,99,250,4050.jpg,1920,1080
person,1134,417,291,278,4050.jpg,1920,1080
person,227,331,71,169,4050.jpg,1920,1080
person,1522,596,179,242,4050.jpg,1920,1080
person,710,144,61,148,4050.jpg,1920,1080
person,1412,730,214,348,4095.jpg,1920,1080
person,563,119,221,225,4095.jpg,1920,1080
person,179,873,104,210,4095.jpg,1920,1080
person,0,410,89,191,4095.jpg,1920,1080
person,636,333,94,227,4095.jpg,1920,1080
person,996,0,214,165,4095.jpg,1920,1080
person,1121,420,138,327,4095.jpg,1920,1080
person,1708,154,158,263,4095.jpg,1920,1080
person,546,165,70,153,4140.jpg,1920,1080
person,1049,86,61,174,4140.jpg,1920,1080
person,407,688,100,276,4140.jpg,1920,1080
person,902,517,201,353,4140.jpg,1920,1080
person,120,402,64,197,4140.jpg,1920,1080
person,411,200,71,181,4140.jpg,1920,1080
person,789,241,56,212,4140.jpg,1920,1080
person,733,139,49,128,4140.jpg,1920,1080
person,901,6,77,140,4140.jpg,1920,1080
person,1141,415,74,237,4140.jpg,1920,1080
person,1277,829,421,251,4140.jpg,1920,1080
person,1639,116,232,225,4140.jpg,1920,1080
person,1523,735,223,345,4185.jpg,1920,1080
person,820,60,81,159,4185.jpg,1920,1080
person,937,144,83,243,4185.jpg,1920,1080
person,558,534,287,358,4185.jpg,1920,1080
person,720,154,75,101,4185.jpg,1920,1080
person,1637,78,74,134,4185.jpg,1920,1080
person,1136,415,94,258,4185.jpg,1920,1080
person,1764,119,115,278,4185.jpg,1920,1080
person,202,216,268,281,4185.jpg,1920,1080
person,1671,177,198,307,4230.jpg,1920,1080
person,115,303,168,350,4230.jpg,1920,1080
person,1042,149,74,183,4230.jpg,1920,1080
person,1685,29,50,159,4230.jpg,1920,1080
person,1331,4,55,81,4230.jpg,1920,1080
person,1137,419,89,216,4230.jpg,1920,1080
person,1588,639,222,286,4230.jpg,1920,1080
person,837,195,70,139,4230.jpg,1920,1080
person,406,609,176,324,4230.jpg,1920,1080
person,689,423,64,222,4230.jpg,1920,1080
person,465,236,79,184,4230.jpg,1920,1080
person,679,101,107,163,4230.jpg,1920,1080
person,947,37,38,146,4230.jpg,1920,1080
person,1735,247,76,178,4275.jpg,1920,1080
person,815,339,76,187,4275.jpg,1920,1080
person,1274,13,52,109,4275.jpg,1920,1080
person,1116,106,90,164,4275.jpg,1920,1080
person,314,295,106,242,4275.jpg,1920,1080
person,1562,347,80,220,4275.jpg,1920,1080
person,117,642,181,306,4275.jpg,1920,1080
person,31,346,123,340,4275.jpg,1920,1080
person,531,142,283,169,4275.jpg,1920,1080
person,697,251,79,194,4275.jpg,1920,1080
person,1024,1,49,125,4275.jpg,1920,1080
person,1157,415,71,248,4275.jpg,1920,1080
person,1685,548,166,271,4275.jpg,1920,1080
person,1697,299,85,180,4320.jpg,1920,1080
person,919,257,62,175,4320.jpg,1920,1080
person,373,203,143,230,4320.jpg,1920,1080
person,1137,411,97,229,4320.jpg,1920,1080
person,738,98,173,142,4320.jpg,1920,1080
person,1180,56,91,157,4320.jpg,1920,1080
person,1459,453,105,263,4320.jpg,1920,1080
person,82,443,105,220,4320.jpg,1920,1080
person,237,359,97,202,4320.jpg,1920,1080
person,523,359,100,189,4320.jpg,1920,1080
person,1757,471,115,253,4320.jpg,1920,1080
person,1697,301,80,183,4365.jpg,1920,1080
person,1025,203,60,141,4365.jpg,1920,1080
person,1121,80,48,138,4365.jpg,1920,1080
person,1220,19,58,143,4365.jpg,1920,1080
person,555,157,127,189,4365.jpg,1920,1080
person,100,272,370,431,4365.jpg,1920,1080
person,832,68,51,138,4365.jpg,1920,1080
person,957,57,71,135,4365.jpg,1920,1080
person,1123,425,110,237,4365.jpg,1920,1080
person,1386,596,133,309,4365.jpg,1920,1080
person,1021,141,144,164,4410.jpg,1920,1080
person,0,446,191,393,4410.jpg,1920,1080
person,283,208,299,250,4410.jpg,1920,1080
person,735,109,71,156,4410.jpg,1920,1080
person,924,24,176,138,4410.jpg,1920,1080
person,1243,0,97,142,4410.jpg,1920,1080
person,1151,412,69,260,4410.jpg,1920,1080
person,1218,754,146,326,4410.jpg,1920,1080
person,1764,241,105,319,4410.jpg,1920,1080
person,1424,684,105,302,4455.jpg,1920,1080
person,906,725,258,355,4455.jpg,1920,1080
person,1193,115,44,133,4455.jpg,1920,1080
person,325,329,85,213,4455.jpg,1920,1080
person,453,165,275,212,4455.jpg,1920,1080

person,837,60,84,166,4455.jpg,1920,1080
person,123,497,110,237,4455.jpg,1920,1080
person,1003,0,140,137,4455.jpg,1920,1080
person,1213,0,179,101,4455.jpg,1920,1080
person,917,183,49,179,4455.jpg,1920,1080
person,1144,397,89,268,4455.jpg,1920,1080
person,1777,195,112,311,4455.jpg,1920,1080
person,1360,132,67,164,4500.jpg,1920,1080
person,1551,513,98,273,4500.jpg,1920,1080
person,929,55,74,135,4500.jpg,1920,1080
person,465,106,434,337,4500.jpg,1920,1080
person,1131,430,115,363,4500.jpg,1920,1080
person,1047,0,255,206,4500.jpg,1920,1080
person,1810,272,69,197,4500.jpg,1920,1080